{
  "project_info": {
    "project_number": "916813646781",
    "project_id": "pertemuan-7-mobile-a2c2c",
    "storage_bucket": "pertemuan-7-mobile-a2c2c.appspot.com"
  },
  "client": [
    {
      "client_info": {
        "mobilesdk_app_id": "1:916813646781:android:2d8b8cea65f1e4c3b6e0d4",
        "android_client_info": {
          "package_name": "com.nanda96.pertemuan7_crud"
        }
      },
      "oauth_client": [
        {
          "client_id": "916813646781-ifeq0rpc2cf0s3p6hgiqi6u0bbeplihg.apps.googleusercontent.com",
          "client_type": 3
        }
      ],
      "api_key": [
        {
          "current_key": "AIzaSyAjKWT7H44_eQ9_jXoQnvJa2ihT_aGq_xs"
        }
      ],
      "services": {
        "appinvite_service": {
          "other_platform_oauth_client": [
            {
              "client_id": "916813646781-ifeq0rpc2cf0s3p6hgiqi6u0bbeplihg.apps.googleusercontent.com",
              "client_type": 3
            }
          ]
        }
      }
    }
  ],
  "configuration_version": "1"
}